timestamp,accel_x,accel_y,accel_z,gyro_x,gyro_y,gyro_z,ind
1696292804514,-0.07299805,-0.97491455,0.085632324,3.21875,-1.125,2.15625,0
1696292804554,-0.10498047,-1.0005493,0.062683105,-1.0,1.65625,1.046875,1
1696292804594,-0.122802734,-1.0108032,0.061950684,-0.109375,-0.265625,0.296875,2
1696292804634,-0.092285156,-1.0015259,0.06390381,0.390625,0.171875,0.265625,3
1696292804674,-0.08300781,-0.9768677,0.061706543,-0.71875,0.296875,0.015625,4
1696292804714,-0.05078125,-0.9727173,-0.039611816,5.140625,-5.734375,3.5,5
1696292804754,0.025146484,-1.022522,0.011169434,7.8125,8.859375,-2.4375,6
1696292804794,-0.053222656,-0.8093872,0.19158936,-14.0625,2.8125,7.9375,7
1696292804834,-0.25195312,-1.065979,0.2555542,-9.84375,2.71875,-2.28125,8
1696292804874,-0.14624023,-1.0862427,0.21136475,-0.90625,3.03125,0.953125,9
1696292804914,-0.14282227,-0.9846802,0.109069824,-2.0625,-5.265625,-3.90625,10
1696292804954,-0.02758789,-0.92193604,0.048034668,-6.5625,-1.140625,-5.390625,11
1696292804994,-0.19213867,-0.9517212,0.16497803,-3.234375,-3.265625,-2.28125,12
1696292805034,-0.032470703,-1.0125122,0.13934326,-1.421875,-4.6875,0.90625,13
1696292805074,-0.1472168,-1.0210571,0.08856201,-3.9375,-2.71875,2.328125,14
1696292805114,-0.061767578,-1.0137329,0.086364746,3.28125,-1.1875,1.28125,15
1696292805154,-0.07373047,-0.96099854,0.11395264,2.140625,-0.640625,0.203125,16
1696292805194,-0.12768555,-1.0134888,0.15863037,1.078125,-0.75,-0.296875,17
1696292805234,-0.10571289,-0.98223877,0.11273193,-0.546875,-0.4375,0.0625,18
1696292805274,-0.1015625,-1.0222778,0.078308105,-3.96875,-0.65625,-0.921875,19
1696292805314,-0.09277344,-0.98223877,0.12420654,-1.640625,0.625,-3.6875,20
1696292805354,-0.14990234,-0.9771118,0.137146,-3.640625,-0.890625,-0.28125,21
1696292805394,-0.095458984,-0.9846802,0.10003662,-3.828125,0.59375,0.078125,22
1696292805434,-0.083496094,-0.9902954,0.04901123,-4.765625,-1.828125,-0.640625,23
1696292805474,-0.07446289,-0.98687744,0.10101318,-5.75,1.03125,-1.984375,24
1696292805514,-0.10986328,-0.9885864,0.13568115,-2.390625,-0.5,-1.578125,25
1696292805554,-0.06689453,-0.9624634,0.15985107,-4.015625,0.484375,-2.109375,26
1696292805594,-0.1665039,-0.9817505,0.18499756,-3.375,2.125,1.28125,27
1696292805634,-0.20166016,-1.0249634,0.2062378,-3.703125,1.484375,0.46875,28
1696292805674,-0.1184082,-1.0488892,0.18792725,1.171875,2.296875,0.40625,29
1696292805714,-0.14892578,-0.960022,0.18939209,0.65625,-0.03125,4.078125,30
1696292805754,-0.106933594,-0.98223877,0.17523193,-3.96875,-1.953125,1.140625,31
1696292805794,-0.1315918,-0.96295166,0.21087646,0.8125,0.546875,6.234375,32
1696292805834,-0.13500977,-1.005188,0.19012451,-6.59375,-5.0,6.890625,33
1696292805874,-0.099365234,-1.0105591,0.16741943,-1.390625,-7.515625,3.109375,34
1696292805914,-0.103759766,-0.98516846,0.117614746,1.96875,-7.828125,0.6875,35
1696292805954,-0.020507812,-0.9673462,0.10101318,6.125,-2.015625,0.203125,36
1696292805994,-0.0690918,-1.0266724,-0.008361816,18.6875,-7.78125,7.5625,37
1696292806034,0.13183594,-1.0855103,-0.13433838,12.578125,13.875,8.09375,38
1696292806074,0.10571289,-0.7473755,-0.05328369,-6.671875,11.609375,0.84375,39
1696292806114,-0.35424805,-0.98565674,0.44647217,-9.75,1.109375,2.28125,40
1696292806154,-0.024169922,-1.190979,0.17962646,-15.359375,-11.671875,-1.203125,41
1696292806194,0.015625,-0.9385376,-0.00079345703,3.28125,-5.96875,-1.171875,42
1696292806234,-0.015136719,-0.98150635,0.08807373,-9.140625,-3.75,-3.609375,43
1696292806274,-0.14477539,-0.913147,0.20428467,-0.859375,-3.921875,-4.359375,44
1696292806314,-0.13183594,-1.0591431,0.12835693,-7.296875,-3.5,0.859375,45
1696292806354,0.01977539,-1.048645,0.078063965,0.265625,-3.75,-1.71875,46
1696292806394,-0.099121094,-0.9812622,0.11590576,-3.125,-1.640625,-3.921875,47
1696292806434,-0.13696289,-0.95635986,0.17669678,3.21875,-0.515625,1.078125,48
1696292806474,-0.0021972656,-1.0095825,0.13494873,-2.109375,1.484375,-2.328125,49
1696292806514,-0.09790039,-0.99835205,0.13641357,-2.5625,-3.203125,0.15625,50
1696292806554,-0.10620117,-1.0488892,0.117370605,-0.375,-0.625,-2.25,51
1696292806594,-0.06298828,-0.9963989,0.1630249,4.734375,-1.15625,-2.125,52
1696292806634,-0.13500977,-0.9651489,0.15863037,8.296875,-0.359375,-1.5,53
1696292806674,-0.1184082,-1.008606,0.109558105,4.71875,-10.234375,-4.578125,54
1696292806714,-0.06518555,-1.0105591,0.11932373,9.9375,-3.0625,-5.625,55
1696292806754,-0.13012695,-1.000061,0.06561279,4.4375,-1.953125,-4.40625,56
1696292806794,-0.14379883,-1.013977,0.06121826,2.640625,2.71875,-6.09375,57
1696292806834,-0.092041016,-1.0098267,-0.061828613,-0.96875,0.8125,-0.6875,58
1696292806874,0.05419922,-0.92193604,-0.10406494,-4.703125,6.71875,-4.046875,59
1696292806914,-0.009033203,-0.8538208,0.10369873,-27.265625,9.8125,6.296875,60
1696292806954,-0.33496094,-1.0808716,0.28900146,-22.5,-6.25,-2.59375,61
1696292806994,-0.21508789,-1.1174927,0.369812,-4.109375,-1.953125,-9.078125,62
1696292807034,-0.036132812,-0.92803955,0.074401855,5.328125,-2.015625,-9.109375,63
1696292807074,-0.10888672,-0.9168091,0.062194824,-9.125,-5.875,-3.703125,64
1696292807114,-0.14746094,-0.99713135,0.18841553,-2.734375,-1.46875,-5.6875,65
1696292807154,-0.2055664,-0.9932251,0.16815186,-1.796875,-0.640625,-2.9375,66
1696292807194,-0.20605469,-1.0037231,0.14569092,-3.3125,-1.15625,-1.796875,67
1696292807234,-0.18530273,-0.960022,0.13641357,-3.875,-1.828125,-3.46875,68
1696292807274,-0.17919922,-0.9483032,0.16815186,-0.9375,1.828125,-1.90625,69
1696292807314,-0.20507812,-0.9807739,0.17645264,-2.875,-0.828125,-2.703125,70
1696292807354,-0.1809082,-0.9854126,0.14886475,-3.390625,-0.046875,-2.34375,71
1696292807394,-0.19458008,-0.9924927,0.16278076,-2.46875,3.03125,-3.953125,72
1696292807434,-0.17651367,-0.9937134,0.18426514,-2.609375,0.765625,-2.0,73
1696292807474,-0.17480469,-0.9915161,0.20916748,-5.640625,2.4375,-3.46875,74
1696292807514,-0.24560547,-0.9751587,0.17474365,-12.546875,3.59375,-5.953125,75
1696292807554,-0.21166992,-0.9710083,0.19256592,-4.4375,1.3125,-5.21875,76
1696292807594,-0.23706055,-1.0088501,0.20135498,0.109375,6.03125,-4.828125,77
1696292807634,-0.23217773,-0.9746704,0.24261475,5.3125,11.203125,-6.25,78
1696292807674,-0.20166016,-0.93096924,0.19451904,4.875,9.109375,-3.25,79
1696292807714,-0.15820312,-0.8633423,-0.023986816,7.75,-11.578125,5.515625,80
1696292807754,-0.040283203,-0.8399048,0.14788818,15.3125,0.8125,7.109375,81
1696292807794,-0.15454102,-0.81085205,0.30511475,-23.71875,-5.625,11.203125,82
1696292807834,-0.40673828,-1.1160278,0.3937378,-12.890625,1.140625,-6.109375,83
1696292807874,-0.4152832,-1.1099243,0.434021,-3.0,-3.5,-0.8125,84
1696292807914,-0.09082031,-0.95025635,0.2321167,11.515625,-0.078125,-6.09375,85
1696292807954,-0.16821289,-0.9155884,0.07928467,-9.203125,-4.015625,-3.90625,86
1696292807994,-0.22753906,-0.88360596,0.24505615,-1.9375,-0.71875,-1.59375,87
1696292808034,-0.2253418,-1.0081177,0.27630615,0.359375,-2.953125,2.375,88
1696292808074,-0.23120117,-0.9976196,0.2020874,-4.515625,-5.734375,3.65625,89
1696292808114,-0.17407227,-0.98321533,0.15472412,-8.09375,-7.96875,-1.828125,90
1696292808154,-0.17578125,-0.88067627,0.22283936,-4.03125,-4.15625,-0.78125,91
1696292808194,-0.27490234,-0.956604,0.24676514,-5.75,-1.53125,1.15625,92
1696292808234,-0.26586914,-1.0134888,0.25628662,-3.125,0.125,-0.53125,93
1696292808274,-0.1706543,-0.98101807,0.18963623,-2.90625,-1.84375,-1.71875,94
1696292808314,-0.20385742,-0.9458618,0.22845459,-3.5625,0.28125,-1.015625,95
1696292808354,-0.19946289,-0.93634033,0.26531982,-2.078125,0.515625,-0.859375,96
1696292808394,-0.24438477,-0.9783325,0.25091553,-1.03125,2.3125,3.3125,97
1696292808434,-0.2277832,-0.9636841,0.30340576,3.359375,3.296875,3.890625,98
1696292808474,-0.2368164,-0.9841919,0.29144287,1.03125,0.65625,4.28125,99
1696292808514,-0.21826172,-0.94903564,0.27679443,3.734375,-3.875,5.828125,100
1696292808554,-0.20532227,-0.9807739,0.21209717,3.390625,-1.5,4.96875,101
1696292808594,-0.22485352,-1.0130005,0.15887451,11.34375,8.734375,5.5625,102
1696292808634,-0.17236328,-0.9241333,0.09442139,23.90625,-7.15625,8.9375,103
1696292808674,0.03100586,-1.0100708,-0.1638794,16.203125,7.453125,13.28125,104
1696292808714,-0.06933594,-0.9480591,0.078552246,12.578125,19.28125,11.375,105
1696292808754,-0.21142578,-1.0003052,0.24871826,-17.71875,2.21875,4.9375,106
1696292808794,-0.21289062,-1.019104,0.36663818,1.015625,-0.328125,-1.25,107
1696292808834,-0.076660156,-0.9846802,0.1305542,-16.09375,-14.75,-5.25,108
1696292808874,-0.12792969,-0.9873657,0.20184326,-3.953125,-8.625,-4.546875,109
1696292808914,-0.114746094,-0.9817505,0.11834717,-12.9375,-13.515625,-3.828125,110
1696292808954,-0.13256836,-0.9368286,0.21307373,-7.0,-2.28125,-3.1875,111
1696292808994,-0.2133789,-1.0366821,0.24725342,2.8125,-0.140625,2.609375,112
1696292809034,-0.114990234,-0.98809814,0.18206787,4.578125,0.03125,-0.5625,113
1696292809074,-0.13378906,-0.9612427,0.14764404,0.25,-2.390625,-2.265625,114
1696292809114,-0.1796875,-0.9824829,0.14813232,0.15625,-4.296875,1.328125,115
1696292809154,-0.16699219,-0.9619751,0.1720581,-2.609375,-4.34375,-1.515625,116
1696292809194,-0.19726562,-1.0122681,0.20452881,-2.703125,3.28125,-1.359375,117
1696292809234,-0.18823242,-0.98809814,0.20916748,1.671875,3.59375,-2.296875,118
1696292809274,-0.15356445,-0.9612427,0.16815186,-0.875,-0.296875,-2.6875,119
1696292809314,-0.15771484,-0.9602661,0.19232178,1.3125,-3.046875,3.328125,120
1696292809354,-0.18530273,-0.95684814,0.20379639,-1.25,-4.09375,1.5625,121
1696292809394,-0.11645508,-0.9746704,0.10443115,-4.90625,-4.96875,-0.375,122
1696292809434,-0.15673828,-0.98565674,0.15374756,-2.421875,3.515625,-3.984375,123
1696292809474,-0.14648438,-0.99298096,0.19671631,0.828125,-0.640625,-3.90625,124
1696292809514,-0.18774414,-0.96661377,0.20013428,-3.75,-6.140625,0.15625,125
1696292809554,-0.17993164,-0.96832275,0.20281982,-7.875,-2.5,-2.625,126
1696292809594,-0.20117188,-0.95880127,0.2579956,2.609375,1.765625,-0.1875,127
1696292809634,-0.20336914,-0.9649048,0.20037842,0.5625,3.765625,-0.875,128
1696292809674,-0.16186523,-0.9793091,0.21624756,0.359375,1.171875,-1.234375,129
1696292809714,-0.18701172,-0.96710205,0.18328857,0.03125,0.296875,0.65625,130
1696292809754,-0.17871094,-0.9619751,0.21185303,1.921875,-0.5,1.1875,131
1696292809794,-0.17797852,-0.9871216,0.20697021,-2.6875,-2.34375,2.578125,132
1696292809834,-0.15966797,-0.9697876,0.15814209,-17.421875,-3.3125,-0.71875,133
1696292809874,-0.22143555,-1.0164185,0.24505615,-4.40625,0.921875,1.875,134
1696292809914,-0.2277832,-1.0115356,0.22503662,1.171875,0.1875,1.140625,135
1696292809954,-0.18823242,-0.95318604,0.14715576,10.90625,-1.828125,1.59375,136
1696292809994,-0.05493164,-1.0010376,0.07513428,7.765625,-0.078125,2.5,137
1696292810034,-0.09692383,-0.9277954,0.20892334,-0.5625,1.46875,6.796875,138
1696292810074,-0.19506836,-0.9026489,0.3348999,-6.65625,1.5,-2.625,139
1696292810114,-0.27197266,-1.0432739,0.3847046,5.140625,-1.9375,5.0625,140
1696292810154,-0.18481445,-0.97247314,0.17034912,-5.546875,-7.21875,-1.71875,141
1696292810194,-0.107666016,-0.9939575,0.17059326,-7.421875,-8.03125,-3.5,142
1696292810234,-0.19165039,-0.9241333,0.26068115,-0.46875,-2.953125,-2.484375,143
1696292810274,-0.19262695,-0.97613525,0.21380615,-1.625,0.359375,2.203125,144
1696292810314,-0.12670898,-0.9976196,0.19573975,-0.546875,-1.859375,-2.484375,145
1696292810354,-0.1809082,-0.9692993,0.18817139,-2.015625,-1.859375,-0.828125,146
1696292810394,-0.18701172,-1.0061646,0.24407959,0.5,-1.015625,-0.140625,147
1696292810434,-0.16821289,-0.95440674,0.20111084,-2.984375,-4.640625,0.25,148
1696292810474,-0.13208008,-0.97052,0.2140503,-5.25,-0.625,-0.96875,149
1696292810514,-0.23071289,-0.9751587,0.2538452,-2.828125,-0.453125,-1.828125,150
1696292810554,-0.18798828,-0.9517212,0.2567749,0.734375,1.390625,0.46875,151
1696292810594,-0.1953125,-0.9854126,0.24383545,2.6875,2.78125,1.703125,152
1696292810634,-0.15844727,-0.9458618,0.24871826,4.421875,3.875,3.21875,153
1696292810674,-0.21411133,-0.9649048,0.260437,3.4375,3.5625,4.921875,154
1696292810714,-0.17700195,-0.98443604,0.22601318,6.03125,2.625,6.9375,155
1696292810754,-0.16772461,-1.0046997,0.15838623,2.84375,3.296875,4.75,156
1696292810794,-0.13989258,-1.0132446,0.18817139,9.40625,2.53125,3.96875,157
1696292810834,-0.107910156,-0.99420166,0.1539917,10.6875,1.0,1.265625,158
1696292810874,-0.072265625,-0.9368286,0.09222412,15.140625,-6.296875,3.90625,159
1696292810914,-0.037109375,-1.0549927,-0.074523926,12.546875,7.15625,4.4375,160
1696292810954,-0.008544922,-0.8948364,0.093933105,-1.703125,14.015625,5.765625,161
1696292810994,-0.1899414,-0.97125244,0.31756592,-16.984375,1.421875,-1.625,162
1696292811034,-0.1796875,-1.1045532,0.3163452,4.3125,-3.765625,-1.53125,163
1696292811074,-0.110839844,-0.9793091,0.15374756,-0.328125,-6.484375,-4.109375,164
1696292811114,-0.061279297,-1.0025024,0.026794434,-12.296875,-8.859375,-3.703125,165
1696292811154,-0.19042969,-0.9390259,0.19891357,1.984375,-3.71875,-2.984375,166
1696292811194,-0.109375,-0.9492798,0.1618042,-2.875,-2.640625,1.578125,167
1696292811234,-0.12036133,-1.0083618,0.14447021,1.453125,-2.078125,1.28125,168
1696292811274,-0.12426758,-0.9871216,0.15179443,1.40625,-3.8125,0.625,169
1696292811314,-0.15576172,-0.9920044,0.18084717,2.078125,0.5625,0.765625,170
1696292811354,-0.15551758,-0.98443604,0.16571045,3.15625,1.296875,1.203125,171
1696292811394,-0.11669922,-0.9998169,0.16278076,4.015625,3.265625,1.78125,172
1696292811434,-0.16235352,-0.9890747,0.1395874,1.8125,4.828125,3.015625,173
1696292811474,-0.12939453,-0.9741821,0.17816162,4.53125,5.53125,2.90625,174
1696292811514,-0.16259766,-1.000061,0.19110107,5.03125,3.421875,7.046875,175
1696292811554,-0.12011719,-1.0303345,0.097839355,-0.453125,-0.65625,5.390625,176
1696292811594,-0.032714844,-1.019104,0.0036010742,6.296875,-6.578125,1.8125,177
1696292811634,0.05102539,-0.9570923,-0.06427002,15.875,0.828125,6.296875,178
1696292811674,-0.033691406,-0.9932251,0.11175537,6.484375,-0.875,4.71875,179
1696292811714,-0.13452148,-0.8262329,0.1437378,-18.96875,-4.65625,-3.8125,180
1696292811754,-0.22705078,-1.1331177,0.21673584,-3.609375,-3.375,5.515625,181
1696292811794,-0.10205078,-1.0405884,0.23822021,5.578125,-4.3125,-0.9375,182
1696292811834,-0.024169922,-0.8904419,-0.003479004,-1.40625,-9.40625,1.140625,183
1696292811874,-0.07836914,-1.000061,0.093444824,-7.640625,-1.90625,-2.375,184
1696292811914,-0.09033203,-0.9993286,0.09466553,-3.90625,-0.734375,0.3125,185
1696292811954,-0.08227539,-1.0618286,0.17962646,4.65625,-0.53125,1.765625,186
1696292811994,-0.087890625,-0.96832275,0.06488037,-1.890625,-5.515625,0.328125,187
1696292812034,-0.06518555,-0.9331665,0.07171631,-3.375,-3.390625,-0.515625,188
1696292812074,-0.07055664,-1.0025024,0.1227417,-2.15625,0.46875,-1.921875,189
1696292812114,-0.1328125,-1.03302,0.13983154,4.203125,-0.234375,1.875,190
1696292812154,-0.041992188,-1.0269165,0.055603027,-5.09375,-3.796875,-2.140625,191
1696292812194,-0.08862305,-0.9439087,0.12786865,0.578125,-0.96875,-0.765625,192
1696292812234,-0.111328125,-0.9702759,0.10345459,2.984375,1.640625,1.15625,193
1696292812274,-0.103515625,-1.0527954,0.0692749,-0.921875,1.25,4.421875,194
1696292812314,-0.03955078,-1.0256958,0.117370605,0.1875,-2.515625,-0.984375,195
1696292812354,-0.05883789,-0.9585571,0.116882324,-3.703125,-4.234375,-4.109375,196
1696292812394,-0.1184082,-1.0205688,0.1071167,-6.28125,-4.484375,-4.921875,197
1696292812434,-0.040771484,-0.9734497,0.13568115,-0.859375,-0.625,-1.09375,198
1696292812474,-0.099609375,-0.9846802,0.13031006,-5.21875,-0.140625,-2.25,199
1696292812514,-0.1340332,-1.0379028,0.13372803,-3.734375,-2.25,-2.46875,200
1696292812554,-0.103027344,-0.9624634,0.10638428,-1.921875,-3.09375,-1.90625,201
1696292812594,-0.12841797,-0.9734497,0.13275146,-3.234375,1.109375,-2.734375,202
1696292812634,-0.11621094,-0.9885864,0.14984131,-4.3125,-2.390625,-2.625,203
1696292812674,-0.1640625,-1.0188599,0.19818115,-0.578125,0.078125,-1.859375,204
1696292812714,-0.13110352,-1.000061,0.05633545,-5.046875,-6.78125,-2.796875,205
1696292812754,-0.06982422,-0.9849243,0.14105225,2.078125,0.375,-4.609375,206
1696292812794,-0.06958008,-1.0134888,0.11029053,-2.1875,-3.0625,-2.40625,207
1696292812834,-0.13085938,-1.0232544,0.074401855,-8.765625,-5.046875,-4.0625,208
1696292812874,-0.057617188,-0.9717407,0.18377686,-6.25,0.28125,-7.46875,209
1696292812914,-0.16064453,-0.9224243,0.15740967,-1.078125,-1.953125,0.53125,241
1696292812954,-0.17797852,-0.98394775,0.17816162,-4.015625,0.40625,-0.21875,242
1696292812994,-0.19116211,-0.9915161,0.18914795,2.125,-1.421875,0.8125,243
1696292813034,-0.15258789,-0.97613525,0.16619873,-1.0625,0.53125,-2.8125,244
1696292813074,-0.16333008,-0.9612427,0.1293335,0.5,-1.96875,-1.015625,245
1696292813114,-0.1508789,-0.9734497,0.1251831,0.53125,-2.25,-0.90625,246
1696292813154,-0.19750977,-0.95025635,0.14031982,1.0,-1.125,3.265625,247
1696292813194,-0.18847656,-1.0230103,0.09539795,-6.109375,-0.59375,0.4375,248
1696292813234,-0.18896484,-0.9663696,0.24066162,0.875,-3.234375,-0.796875,249
1696292813274,-0.17382812,-0.9439087,0.24578857,1.515625,-1.78125,2.6875,250
1696292813314,-0.2055664,-0.9468384,0.14178467,-2.40625,-0.203125,2.6875,251
1696292813354,-0.15991211,-0.99053955,0.14202881,3.15625,0.109375,4.734375,252
1696292813394,-0.12231445,-0.9812622,0.13616943,0.71875,-1.78125,0.90625,253
1696292813434,-0.17675781,-0.9771118,0.19744873,4.6875,-0.46875,2.5625,254
1696292813474,-0.15185547,-1.0029907,0.13201904,0.640625,0.703125,2.671875,255
1696292813514,-0.12524414,-0.9944458,0.093933105,1.625,1.34375,1.53125,256
1696292813554,-0.11303711,-0.97076416,0.11810303,0.5,-1.0,0.375,257
1696292813594,-0.16210938,-0.9985962,0.1408081,-3.375,1.28125,2.40625,258
1696292813634,-0.20483398,-1.0010376,0.21575928,7.96875,0.953125,4.75,259
1696292813674,-0.1171875,-1.0044556,0.1449585,1.328125,0.171875,1.4375,260
1696292813714,-0.16723633,-0.9758911,0.117370605,1.09375,0.5625,0.71875,261
1696292813754,-0.107421875,-0.9956665,0.097351074,-3.203125,-1.953125,-0.296875,262
1696292813794,-0.14111328,-0.9627075,0.13616943,-1.53125,-2.734375,0.25,263
1696292813834,-0.1574707,-0.99542236,0.13494873,1.953125,-1.09375,1.703125,264
1696292813874,-0.07714844,-1.0081177,0.09246826,-0.3125,-1.09375,-0.28125,265
1696292813914,-0.1459961,-0.99176025,0.13201904,-1.765625,-1.171875,-0.625,266
1696292813954,-0.13378906,-0.97247314,0.1564331,-0.109375,-1.75,0.140625,267
1696292813994,-0.12695312,-0.97125244,0.14935303,-2.609375,-2.28125,0.265625,268
1696292814034,-0.14794922,-1.0039673,0.13421631,-3.046875,-3.90625,0.3125,269
1696292814074,-0.16577148,-1.0127563,0.15032959,-4.78125,-3.96875,0.65625,270
1696292814114,-0.14819336,-1.0183716,0.13543701,-5.515625,-2.90625,-0.265625,271
1696292814154,-0.14428711,-0.98883057,0.12860107,-3.46875,-0.734375,-2.21875,272
1696292814194,-0.115234375,-0.94415283,0.15716553,2.484375,-1.4375,-0.9375,273
1696292814234,-0.099121094,-1.0064087,0.038269043,-1.765625,-1.734375,-0.40625,274
1696292814274,0.008056641,-0.95635986,0.14398193,11.046875,1.59375,0.171875,275
1696292814314,-0.1706543,-0.82598877,0.16326904,-11.484375,-4.359375,4.765625,276
1696292814354,-0.2475586,-1.0930786,0.23626709,-3.1875,0.890625,1.25,277
1696292814394,-0.17016602,-1.065979,0.1786499,-1.0,-2.3125,-0.3125,278
1696292814434,-0.08984375,-0.9668579,0.04071045,-7.359375,-8.0,-4.578125,279
1696292814474,-0.12768555,-0.88946533,0.15081787,-4.484375,1.421875,-4.359375,280
1696292814514,-0.23754883,-0.9512329,0.2345581,0.0625,-3.21875,1.5625,281
1696292814554,-0.16381836,-1.0322876,0.14251709,-3.953125,-1.90625,-0.78125,282
1696292814594,-0.10644531,-1.0105591,0.12176514,0.390625,-3.09375,-0.8125,283
1696292814634,-0.13378906,-0.95147705,0.1708374,-2.921875,-2.4375,-3.609375,284
1696292814674,-0.17456055,-0.9968872,0.1852417,2.609375,-1.515625,0.21875,285
1696292814714,-0.15185547,-0.96588135,0.15740967,-2.453125,-1.96875,-0.796875,286
1696292814754,-0.15722656,-1.0112915,0.14202881,-1.0625,-0.84375,-1.28125,287
1696292814794,-0.20385742,-0.97125244,0.17425537,4.953125,0.21875,-0.40625,288
1696292814834,-0.1640625,-1.0193481,0.15130615,1.875,1.296875,2.234375,289
1696292814874,-0.1640625,-0.9866333,0.17181396,5.71875,-0.875,1.515625,290
1696292814914,-0.17236328,-0.99713135,0.17474365,-0.140625,-1.40625,0.40625,291
1696292814954,-0.1508789,-0.99542236,0.10345459,-5.25,-2.78125,0.40625,292
1696292814994,-0.16821289,-0.9841919,0.117614746,-1.90625,-4.25,3.296875,293
1696292815034,-0.055908203,-1.050354,-0.113586426,9.59375,-8.09375,6.21875,294
1696292815074,0.013671875,-0.91973877,0.08441162,5.265625,18.734375,4.984375,295
1696292815114,-0.25756836,-0.8779907,0.25701904,-7.859375,-1.359375,3.765625,296
1696292815154,-0.2487793,-1.128479,0.27850342,0.53125,2.6875,6.375,297
1696292815194,-0.13354492,-0.97540283,0.10858154,-4.109375,-8.921875,-4.0,298
1696292815234,-0.030273438,-0.9854126,0.04559326,-7.90625,-1.953125,-2.578125,299
1696292815274,-0.13476562,-0.95562744,0.17840576,-4.4375,-1.6875,-5.21875,300
1696292815314,-0.12695312,-0.9607544,0.19012451,-2.359375,-2.109375,-1.078125,301
1696292815354,-0.15039062,-1.0420532,0.14276123,-5.96875,-2.84375,1.15625,302
1696292815394,-0.107910156,-0.96759033,0.15863037,1.84375,-0.484375,-0.625,303
1696292815434,-0.1274414,-0.9475708,0.15203857,-3.953125,-1.796875,-0.09375,304
1696292815474,-0.171875,-0.987854,0.2453003,0.921875,0.53125,3.625,305
1696292815514,-0.24291992,-1.0432739,0.18499756,2.90625,1.0625,7.140625,306
1696292815554,-0.14379883,-0.97247314,0.14251709,5.53125,0.046875,3.171875,307
1696292815594,-0.07495117,-0.9678345,0.14105225,7.046875,3.5,1.53125,308
1696292815634,-0.10839844,-1.0039673,0.15057373,5.65625,0.046875,0.15625,309
1696292815674,-0.10205078,-1.0476685,0.08294678,-4.296875,-4.984375,-2.6875,310
1696292815714,-0.087646484,-1.0215454,0.07904053,3.71875,-4.078125,3.328125,311
1696292815754,-0.040283203,-0.96881104,0.01776123,13.796875,-1.21875,4.296875,312
1696292815794,0.00024414062,-0.9697876,0.039733887,2.109375,3.078125,1.34375,313
1696292815834,-0.07885742,-0.90802,0.13616943,-5.546875,7.328125,-2.421875,314
1696292815874,-0.26708984,-1.0708618,0.23065186,-0.484375,-2.375,4.890625,315
1696292815914,-0.13208008,-1.0315552,0.1930542,-0.234375,-5.8125,-0.75,316
1696292815954,-0.09082031,-0.9273071,0.07269287,2.578125,-4.09375,3.5625,317
1696292815994,-0.15112305,-0.99224854,0.070007324,-2.984375,-1.78125,0.734375,318
1696292816034,-0.03491211,-0.9961548,0.08831787,-2.15625,-2.34375,-2.546875,319
1696292816074,-0.076171875,-0.9998169,0.10223389,-1.09375,1.140625,-0.59375,320
1696292816114,-0.06762695,-0.9944458,0.09979248,-0.34375,0.125,-2.8125,321
1696292816154,-0.09838867,-0.9854126,0.10760498,-2.109375,-1.984375,-0.734375,322
1696292816194,-0.09082031,-0.9963989,0.10467529,-1.109375,0.53125,-2.609375,323
1696292816234,-0.10229492,-0.9805298,0.09832764,-5.984375,-1.46875,-3.375,324
1696292816274,-0.16040039,-1.0122681,0.13616943,-3.515625,-1.453125,-3.828125,325
1696292816314,-0.14770508,-0.989563,0.109069824,-3.515625,-0.125,-3.296875,326
1696292816354,-0.1315918,-0.973938,0.14202881,-3.078125,0.953125,-5.546875,327
1696292816394,-0.15893555,-0.99664307,0.13616943,-5.734375,1.640625,-4.234375,328
1696292816434,-0.16137695,-0.98638916,0.13275146,-3.46875,-0.484375,-4.15625,329
1696292816474,-0.21289062,-0.97906494,0.2267456,-0.1875,0.546875,-0.796875,351
1696292816514,-0.1586914,-0.9380493,0.18060303,-1.234375,0.59375,-3.3125,352
1696292816554,-0.1665039,-0.9849243,0.19866943,-3.96875,-3.21875,-3.203125,353
1696292816594,-0.17260742,-0.9898071,0.24847412,2.78125,-3.03125,-3.859375,354
1696292816634,-0.18310547,-0.9690552,0.24700928,-0.875,-6.25,-2.84375,355
1696292816674,-0.16479492,-0.9729614,0.2477417,-2.53125,-10.828125,-0.53125,356
1696292816714,-0.23632812,-0.986145,0.16204834,2.296875,-5.109375,0.28125,357
1696292816754,-0.26879883,-0.9951782,0.16253662,9.859375,0.1875,4.5625,358
1696292816794,-0.17749023,-0.9800415,0.09661865,6.5625,-1.4375,3.8125,359
1696292816834,-0.09863281,-1.0120239,-0.07305908,2.734375,7.609375,3.453125,360
1696292816874,-0.043945312,-0.86968994,-0.0029907227,-22.21875,-2.28125,0.140625,361
1696292816914,-0.16430664,-0.9751587,0.34954834,-22.46875,13.109375,-5.765625,362
1696292816954,-0.24633789,-0.9873657,0.30096436,-6.046875,-1.640625,5.90625,363
1696292816994,-0.27734375,-0.9483032,0.4244995,10.09375,-7.53125,5.5,364
1696292817034,-0.15966797,-0.99053955,0.13568115,-6.9375,-17.171875,-1.703125,365
1696292817074,-0.14624023,-0.9380493,0.20355225,2.203125,-4.0625,4.234375,366
1696292817114,-0.19262695,-0.9920044,0.16156006,-1.21875,3.59375,2.0625,367
1696292817154,-0.13061523,-0.9795532,0.16375732,0.75,-2.09375,4.53125,368
1696292817194,-0.14868164,-0.99542236,0.15960693,1.328125,1.578125,0.828125,369
1696292817234,-0.12963867,-0.9690552,0.17156982,4.609375,1.515625,0.59375,370
1696292817274,-0.16235352,-0.9824829,0.22357178,3.65625,2.6875,2.1875,371
1696292817314,-0.17016602,-0.99102783,0.18182373,-0.78125,0.84375,1.671875,372
1696292817354,-0.14355469,-0.97320557,0.19622803,-2.1875,-3.0625,-0.296875,373
1696292817394,-0.17626953,-0.98394775,0.20526123,-0.484375,-1.71875,-0.953125,374
1696292817434,-0.18334961,-0.98931885,0.20526123,1.640625,4.953125,-0.921875,375
1696292817474,-0.13989258,-0.9614868,0.19866943,-1.90625,4.25,0.359375,376
1696292817514,-0.13598633,-0.9902954,0.14593506,3.765625,1.75,2.625,377
1696292817554,-0.11010742,-1.0020142,0.15374756,1.90625,-0.515625,2.8125,378
1696292817594,-0.15625,-0.99468994,0.17010498,1.546875,-3.21875,0.15625,379
1696292817634,-0.15014648,-0.95880127,0.17449951,1.75,2.328125,-0.875,380
1696292817674,-0.17285156,-0.9644165,0.16448975,-1.03125,2.59375,-2.421875,381
1696292817714,-0.12719727,-1.0064087,0.15130615,-3.640625,-4.640625,-0.28125,382
1696292817754,-0.16235352,-0.97784424,0.21990967,1.765625,1.125,-0.453125,383
1696292817794,-0.17529297,-0.99224854,0.23675537,5.0625,-2.140625,3.21875,384
1696292817834,-0.15771484,-0.9812622,0.124694824,-2.234375,-1.296875,0.640625,385
1696292817874,-0.1640625,-0.9614868,0.2243042,2.640625,1.34375,0.640625,386
1696292817914,-0.15649414,-0.9805298,0.20379639,-10.65625,-3.796875,-2.859375,387
1696292817954,-0.13305664,-0.9631958,0.1708374,-1.6875,-10.484375,-1.8125,388
1696292817994,-0.15454102,-0.94903564,0.061462402,-0.640625,-9.46875,-0.390625,389
1696292818034,-0.11791992,-1.0606079,0.11785889,8.484375,5.9375,3.9375,390
1696292818074,-0.13623047,-0.9907837,0.1984253,7.796875,-6.96875,-0.953125,391
1696292818114,-0.15917969,-0.8904419,0.17791748,-4.390625,-1.234375,3.140625,392
1696292818154,-0.16235352,-1.0425415,0.23773193,0.765625,1.40625,1.484375,393
1696292818194,-0.16137695,-1.0039673,0.12982178,-0.515625,-3.90625,1.828125,394
1696292818234,-0.13696289,-1.00177,0.09124756,-5.0,-4.4375,-1.625,395
1696292818274,-0.12866211,-0.9348755,0.16668701,-3.015625,0.515625,-2.1875,396
1696292818314,-0.18408203,-0.97540283,0.18621826,-0.890625,-1.59375,1.015625,397
1696292818354,-0.14575195,-0.98394775,0.1642456,-1.21875,0.875,-0.109375,398
1696292818394,-0.17211914,-0.9837036,0.17938232,-2.609375,-0.296875,0.203125,399
1696292818434,-0.16625977,-0.97735596,0.18377686,-0.03125,0.953125,-0.265625,400
1696292818474,-0.15625,-0.98931885,0.17816162,0.625,0.453125,2.09375,401
1696292818514,-0.14868164,-0.98101807,0.16033936,0.609375,-0.96875,1.5,402
1696292818554,-0.12524414,-1.0012817,0.17645264,3.09375,1.109375,0.625,403
1696292818594,-0.12646484,-0.97125244,0.17938232,-3.03125,1.125,-1.328125,404
1696292818634,-0.14941406,-0.9990845,0.18597412,2.265625,-3.78125,0.140625,405
1696292818674,-0.1784668,-1.0066528,0.19036865,4.40625,-7.609375,2.375,406
1696292818714,-0.19433594,-1.0044556,0.1149292,3.515625,-5.953125,2.84375,407
1696292818754,-0.05883789,-1.0061646,-0.009338379,9.9375,0.859375,3.484375,408
1696292818794,-0.09716797,-0.8460083,0.14593506,2.859375,-3.046875,5.03125,409
1696292818834,-0.13720703,-0.93463135,0.12884521,-12.046875,8.203125,-2.890625,410
1696292818874,-0.20141602,-1.0999146,0.23553467,-0.46875,-1.140625,6.796875,411
1696292818914,-0.103271484,-1.0303345,0.21331787,11.609375,-1.765625,0.234375,412
1696292818954,-0.1315918,-0.9558716,0.09710693,-9.609375,-9.109375,-2.890625,413
1696292818994,-0.09692383,-0.89434814,0.06072998,-7.984375,-4.1875,-2.03125,414
1696292819034,-0.1394043,-1.0003052,0.22015381,-2.9375,0.375,-2.703125,415
1696292819074,-0.18920898,-1.0574341,0.16278076,0.609375,-3.046875,2.578125,416
1696292819114,-0.09667969,-0.9898071,0.1239624,-3.75,-5.421875,-3.703125,417
1696292819154,-0.13183594,-0.9102173,0.16912842,-2.34375,-2.484375,-1.0,418
1696292819194,-0.16455078,-0.99664307,0.12322998,-2.109375,-0.109375,0.890625,419
1696292819234,-0.09033203,-0.989563,0.14691162,-1.40625,0.375,-0.359375,420
1696292819274,-0.18457031,-0.98760986,0.19671631,0.078125,4.203125,0.703125,421
1696292819314,-0.20751953,-0.99835205,0.2140503,6.40625,2.484375,2.25,422
1696292819354,-0.1394043,-0.9783325,0.18621826,5.421875,3.375,1.75,423
1696292819394,-0.14428711,-0.9771118,0.19281006,8.046875,2.59375,4.09375,424
1696292819434,-0.15576172,-0.96588135,0.18206787,6.59375,3.109375,5.828125,425
1696292819474,-0.10864258,-1.031311,0.10223389,2.96875,-3.609375,5.6875,426
1696292819514,-0.099365234,-1.017395,0.10003662,-0.34375,-6.28125,2.828125,427
1696292819554,-0.05834961,-0.9636841,0.002380371,7.71875,-0.359375,2.796875,428
1696292819594,-0.011962891,-1.0066528,-0.11065674,9.03125,6.671875,4.78125,429
1696292819634,-0.07397461,-0.95025635,0.17059326,3.0,7.015625,-0.234375,430
1696292819674,-0.14624023,-0.97369385,0.17645264,-2.5625,7.265625,0.171875,431
1696292819714,-0.23461914,-1.0662231,0.24407959,9.734375,-5.203125,6.921875,432
1696292819754,-0.061523438,-0.9883423,0.07611084,1.140625,-6.65625,-1.671875,433
1696292819794,-0.09472656,-0.95147705,0.066833496,-2.6875,-5.546875,2.875,434
1696292819834,-0.046875,-1.0427856,0.030700684,0.015625,-0.265625,-2.34375,435
1696292819874,-0.034423828,-0.9390259,0.08465576,-1.390625,0.171875,-2.765625,436
1696292819914,-0.10522461,-1.0432739,0.0927124,-1.046875,-2.03125,0.0,437
1696292819954,-0.09765625,-1.0205688,0.003112793,-4.125,-4.890625,0.25,438
1696292819994,-0.024658203,-0.9866333,0.09613037,-1.390625,3.203125,-6.265625,439
1696292820034,-0.14355469,-0.96881104,0.09979248,-3.828125,-1.859375,-3.171875,440
1696292820074,-0.1027832,-0.98150635,0.0993042,-2.03125,-0.0625,-1.1875,441
1696292820114,-0.11376953,-1.0220337,0.097595215,0.15625,-1.34375,-1.25,442
1696292820154,-0.13867188,-0.9841919,0.086364746,1.8125,0.390625,-1.875,443
1696292820194,-0.14428711,-1.0027466,0.11126709,-3.75,-2.953125,-1.234375,444
1696292820234,-0.13085938,-1.013977,0.0770874,-4.125,-0.90625,-3.3125,445
1696292820274,-0.11425781,-0.96051025,0.11517334,-1.796875,-1.65625,-2.453125,446
1696292820314,-0.1274414,-1.0130005,0.11102295,-6.75,-0.546875,-3.03125,447
1696292820354,-0.16235352,-0.9873657,0.14666748,-3.9375,-2.53125,-3.984375,448
1696292820394,-0.15600586,-1.0137329,0.16204834,-4.015625,-3.8125,-3.8125,449
1696292820434,-0.16479492,-0.95977783,0.15228271,1.28125,-5.359375,-4.796875,450
1696292820474,-0.09887695,-0.9727173,0.1005249,3.3125,0.265625,-1.171875,451
1696292820514,-0.15429688,-1.0117798,0.09124756,0.484375,-1.15625,-1.0625,452
1696292820554,-0.12988281,-0.9627075,0.113220215,-0.890625,-4.875,0.546875,453
1696292820594,-0.095214844,-0.97442627,-0.0256958,0.109375,0.671875,0.859375,454
1696292820634,-0.050048828,-0.9612427,-0.013244629,-2.578125,4.078125,-4.171875,455
1696292820674,-0.08203125,-0.9500122,0.12420654,-15.953125,-4.234375,-1.0,456
1696292820714,-0.27490234,-1.0090942,0.29364014,9.46875,4.0625,2.0,457
1696292820754,-0.21875,-0.97857666,0.14276123,-9.078125,-8.21875,3.015625,458
1696292820794,-0.08154297,-1.0083618,0.061950684,-0.71875,-6.1875,-0.578125,459
1696292820834,-0.16601562,-0.9902954,0.10321045,-3.703125,-3.625,-2.84375,460
1696292820874,-0.16210938,-0.9265747,0.13079834,0.71875,-1.125,0.9375,461
1696292820914,-0.16748047,-1.0130005,0.10467529,-2.390625,0.953125,1.84375,462
1696292820954,-0.13305664,-0.99884033,0.101989746,0.296875,0.109375,0.734375,463
1696292820994,-0.17041016,-0.99224854,0.10858154,2.171875,1.0,-0.0625,464
1696292821034,-0.15722656,-1.0110474,0.15252686,0.578125,0.828125,-0.40625,465
1696292821074,-0.14233398,-0.95635986,0.10028076,-0.109375,3.5,-1.28125,466
1696292821114,-0.1965332,-0.98272705,0.16912842,0.96875,1.140625,2.375,467
1696292821154,-0.16748047,-0.9939575,0.08441162,-1.328125,-0.125,0.40625,468
1696292821194,-0.11816406,-0.97076416,0.11883545,0.953125,1.3125,0.515625,469
1696292821234,-0.17285156,-0.99420166,0.1293335,0.578125,0.3125,3.6875,470
1696292821274,-0.14990234,-0.9898071,0.13641357,-0.921875,1.765625,2.96875,471
1696292821314,-0.15136719,-0.98394775,0.15472412,-7.03125,0.53125,3.0625,472
1696292821354,-0.15209961,-0.98883057,0.12908936,-7.625,2.96875,-1.3125,473
1696292821394,-0.15039062,-0.98443604,0.13665771,-1.28125,3.46875,-0.828125,474
1696292821434,-0.11401367,-0.9819946,0.0021362305,4.34375,-3.6875,3.34375,475
1696292821474,-0.032958984,-0.9956665,-0.02960205,11.71875,-6.15625,4.0625,476
1696292821514,-0.010253906,-0.9553833,0.13543701,7.734375,5.140625,9.734375,477
1696292821554,-0.15234375,-0.9680786,0.17840576,-8.703125,1.0,-0.015625,478
1696292821594,-0.17919922,-1.052063,0.2020874,1.546875,2.5,3.890625,479
1696292821634,-0.12402344,-1.0059204,0.18597412,-3.1875,-4.671875,-1.171875,480
1696292821674,-0.17211914,-0.97198486,0.06878662,-9.34375,-5.6875,-1.875,481
1696292821714,-0.12036133,-1.0044556,0.13812256,-2.578125,-2.609375,-1.75,482
1696292821754,-0.111083984,-0.9505005,0.1359253,2.578125,-4.265625,0.078125,483
1696292821794,-0.09716797,-1.006897,0.07122803,0.859375,-1.46875,4.609375,484
1696292821834,-0.10449219,-1.0025024,0.081726074,3.921875,-0.453125,2.609375,485
1696292821874,-0.10058594,-0.9944458,0.13934326,3.84375,1.53125,2.0,486
1696292821914,-0.12866211,-0.987854,0.10296631,0.96875,-0.6875,3.65625,487
1696292821954,-0.10668945,-0.97613525,0.1149292,2.0,1.078125,3.625,488
1696292821994,-0.11206055,-0.9993286,0.1149292,0.8125,-0.234375,3.171875,489
1696292822034,-0.10107422,-0.9993286,0.0993042,-1.921875,0.703125,1.796875,490
1696292822074,-0.09350586,-0.98516846,0.10662842,-4.40625,2.625,1.21875,491
1696292822114,-0.07739258,-0.9949341,0.08270264,0.875,1.84375,3.109375,492
1696292822154,-0.06201172,-1.0181274,0.1083374,7.984375,-0.390625,4.203125,493
1696292822194,-0.06982422,-1.0081177,0.10296631,3.25,-3.75,3.21875,494
1696292822234,-0.08569336,-1.031311,0.036071777,1.453125,-0.421875,1.546875,495
1696292822274,-0.042236328,-0.96417236,0.029968262,6.921875,0.15625,3.09375,496
1696292822314,-0.017822266,-1.0020142,-0.059631348,6.21875,-1.484375,5.28125,497
1696292822354,0.009033203,-1.003479,0.10858154,11.015625,7.546875,1.171875,498
1696292822394,-0.1027832,-0.93951416,0.04437256,-14.65625,-1.109375,-3.0,499
1696292822434,-0.10864258,-1.0376587,0.1515503,3.421875,-3.90625,4.46875,500
1696292822474,-0.043701172,-0.9837036,0.07879639,-2.328125,-2.6875,0.90625,501
1696292822514,-0.0625,-1.0159302,0.038757324,-2.40625,-4.84375,0.90625,502
1696292822554,-0.047851562,-0.98687744,0.051940918,-1.0625,-0.90625,-1.296875,503
1696292822594,-0.07861328,-0.9924927,0.097351074,-0.984375,-2.296875,-0.09375,504
1696292822634,-0.05078125,-0.99713135,0.08538818,-1.390625,-3.359375,0.765625,505
1696292822674,-0.043945312,-1.0037231,0.038269043,-4.171875,-2.203125,-1.265625,506
1696292822714,-0.056152344,-1.0105591,0.08685303,-2.953125,0.234375,-1.875,507
1696292822754,-0.072265625,-0.9907837,0.08294678,-1.875,-1.15625,-0.734375,508
1696292822794,-0.05444336,-0.9907837,0.09197998,-2.671875,-2.140625,-0.1875,509
1696292822834,-0.06982422,-1.0032349,0.10028076,-2.6875,-0.8125,-1.375,510
1696292822874,-0.075683594,-1.000061,0.09490967,-2.0625,-2.078125,-1.328125,511
1696292822914,-0.08642578,-1.0288696,0.059020996,-6.40625,-2.359375,-0.5625,512
1696292822954,-0.052001953,-0.986145,0.029968262,-6.8125,1.421875,-1.140625,513
1696292822994,-0.061523438,-1.0032349,0.08807373,-4.703125,1.8125,-0.734375,514
1696292823034,-0.06323242,-0.97784424,0.11248779,-3.265625,0.171875,-0.71875,515
1696292823074,-0.064453125,-0.9771118,0.11102295,-6.21875,0.3125,-1.375,516
1696292823114,-0.07397461,-1.0081177,0.13787842,-3.84375,0.671875,-1.90625,517
1696292823154,-0.09399414,-0.99298096,0.11883545,-3.125,-2.296875,-1.171875,518
1696292823194,-0.083496094,-0.9795532,0.15057373,0.09375,-2.1875,-0.484375,519
1696292823234,-0.068847656,-0.9993286,0.12542725,-2.65625,-4.9375,-1.328125,520
1696292823274,-0.06298828,-0.986145,0.13153076,1.859375,-3.890625,-1.765625,521
1696292823314,-0.10180664,-0.9898071,0.11981201,1.46875,-2.59375,-1.59375,522
1696292823354,-0.084472656,-0.9949341,0.09954834,1.34375,0.625,-2.796875,523
1696292823394,-0.06713867,-0.9927368,-0.00030517578,2.1875,-4.03125,-0.734375,524
1696292823434,-0.060058594,-0.975647,0.16229248,1.59375,3.375,-0.046875,525
1696292823474,-0.13208008,-0.92926025,0.15203857,-7.53125,0.609375,-2.78125,526
1696292823514,-0.16479492,-1.0471802,0.15838623,-6.359375,-4.21875,0.671875,527
1696292823554,-0.06762695,-1.0195923,0.12860107,1.875,-2.765625,-2.921875,528
1696292823594,-0.1159668,-0.9573364,0.08392334,-8.28125,-5.984375,-5.1875,529
1696292823634,-0.0769043,-0.9890747,0.11175537,-2.234375,-1.78125,-4.265625,530
1696292823674,-0.104003906,-0.9968872,0.13812256,-2.78125,1.296875,-3.984375,531
1696292823714,-0.13549805,-1.0064087,0.1437378,-1.640625,-3.34375,-1.390625,532
1696292823754,-0.11376953,-0.9824829,0.124938965,-4.140625,-0.796875,-1.171875,533
1696292823794,-0.13378906,-0.99102783,0.11834717,-6.125,-0.78125,-4.015625,534
1696292823834,-0.12011719,-0.9937134,0.16497803,-4.34375,1.0625,-4.859375,535
1696292823874,-0.1574707,-0.98272705,0.17181396,-5.1875,-1.28125,-4.515625,536
1696292823914,-0.15673828,-0.9885864,0.1642456,-7.421875,-1.078125,-4.796875,537
1696292823954,-0.1484375,-0.98394775,0.16595459,-3.5625,0.125,-5.546875,538
1696292823994,-0.14453125,-0.989563,0.17889404,-7.078125,-0.625,-4.453125,539
1696292824034,-0.20117188,-0.9627075,0.17596436,4.3125,0.609375,5.640625,586
1696292824074,-0.14086914,-1.0061646,0.19232178,0.234375,2.1875,1.921875,587
1696292824114,-0.18188477,-0.9795532,0.2111206,2.078125,2.5625,4.25,588
1696292824154,-0.1809082,-0.9817505,0.2230835,2.375,4.71875,5.84375,589
1696292824194,-0.17138672,-1.0032349,0.19720459,4.21875,1.0625,4.421875,590
1696292824234,-0.14794922,-0.98516846,0.15130615,0.65625,-0.921875,3.34375,591
1696292824274,-0.14819336,-0.9495239,0.14691162,1.78125,-0.890625,2.40625,592
1696292824314,-0.11328125,-0.9729614,0.21038818,3.71875,1.109375,2.140625,593
1696292824354,-0.13696289,-0.96832275,0.16229248,0.09375,-1.484375,3.109375,594
1696292824394,-0.14575195,-1.0061646,0.22161865,2.640625,-0.25,2.34375,595
1696292824434,-0.20019531,-1.0005493,0.21136475,0.90625,2.09375,3.734375,596
1696292824474,-0.13598633,-0.975647,0.19207764,3.203125,-2.3125,3.515625,597
1696292824514,-0.14282227,-0.9595337,0.24798584,8.0,-1.984375,6.0625,598
1696292824554,-0.23168945,-1.0130005,0.18597412,9.140625,-1.421875,6.578125,599
1696292824594,-0.095214844,-1.0132446,0.10614014,5.03125,-5.796875,2.203125,600
1696292824634,-0.0859375,-1.0210571,0.10687256,9.109375,-7.046875,6.546875,601
1696292824674,-0.103759766,-0.9793091,0.06976318,8.09375,-8.265625,5.984375,602
1696292824714,-0.061035156,-1.0239868,0.027282715,16.15625,-5.125,11.546875,603
1696292824754,-0.040771484,-1.0125122,-0.13043213,1.78125,5.078125,12.734375,604
1696292824794,0.091796875,-0.9541626,-0.11578369,-28.296875,14.5,4.734375,605
1696292824834,-0.10546875,-1.0444946,0.26287842,-12.671875,-0.46875,-8.515625,606
1696292824874,-0.061279297,-0.93634033,0.12200928,-2.40625,1.328125,-1.015625,607
1696292824914,-0.07324219,-0.9834595,0.17962646,-6.96875,-5.75,-7.109375,608
1696292824954,0.016845703,-1.0796509,0.09246826,-6.625,-5.21875,-2.375,609
1696292824994,-0.19995117,-0.98687744,0.20233154,2.53125,-3.390625,-2.6875,610
1696292825034,-0.07519531,-0.9546509,0.13909912,-0.8125,-1.59375,-1.21875,611
1696292825074,-0.12231445,-1.0046997,0.12835693,-4.703125,-3.140625,-0.328125,612
1696292825114,-0.08618164,-0.97442627,0.10858154,-3.84375,-1.34375,-4.296875,613
1696292825154,-0.12963867,-0.9939575,0.14422607,-4.90625,-2.65625,-3.0,614
1696292825194,-0.1274414,-1.0117798,0.13201904,-2.671875,-2.203125,-2.875,615
1696292825234,-0.07128906,-0.9937134,0.14178467,-3.0,-1.140625,-3.59375,616
1696292825274,-0.13134766,-0.95098877,0.12640381,-2.265625,-0.828125,-0.1875,617
1696292825314,-0.08862305,-1.0122681,0.16229248,-4.546875,0.1875,-1.625,618
1696292825354,-0.13842773,-0.991272,0.15228271,-3.171875,-1.96875,-0.921875,619
1696292825394,-0.123046875,-0.9771118,0.14837646,-3.28125,-2.640625,-2.140625,620
1696292825434,-0.14428711,-0.9961548,0.19500732,1.109375,0.359375,-0.75,621
1696292825474,-0.13134766,-0.99053955,0.168396,-1.296875,-1.96875,-3.984375,622
1696292825514,-0.08544922,-0.9788208,0.16351318,-4.09375,0.1875,-4.0,623
1696292825554,-0.14501953,-0.9746704,0.22503662,-1.109375,-0.25,-2.25,624
1696292825594,-0.19946289,-1.0254517,0.24432373,5.234375,-2.125,-1.1875,625
1696292825634,-0.18969727,-1.0386353,0.23162842,4.125,-8.859375,-3.484375,626
1696292825674,-0.20092773,-0.92755127,0.16375732,12.515625,-4.3125,-0.125,627
1696292825714,-0.1484375,-0.9558716,0.1071167,2.828125,-0.984375,-3.5,628
1696292825754,-0.15600586,-0.9692993,0.0914917,5.796875,-0.640625,2.015625,629
1696292825794,-0.11206055,-0.97613525,0.046325684,1.515625,-1.640625,2.21875,630
1696292825834,-0.046875,-1.0505981,-0.08502197,12.875,1.78125,2.1875,631
1696292825874,0.017578125,-0.93829346,-0.12750244,-7.015625,-0.265625,0.953125,632
1696292825914,-0.07421875,-0.91363525,0.22650146,-7.984375,12.96875,2.453125,633
1696292825954,-0.3779297,-1.098938,0.26556396,2.40625,2.53125,5.28125,634
1696292825994,-0.11401367,-1.0601196,0.19915771,-12.21875,-7.703125,-9.546875,635
1696292826034,-0.07714844,-0.91973877,0.074401855,-3.625,-5.625,-4.890625,636
1696292826074,-0.16577148,-0.95806885,0.11029053,-10.109375,-5.234375,-5.671875,637
1696292826114,-0.1550293,-0.96295166,0.19403076,-5.671875,-2.484375,-4.625,638
1696292826154,-0.22265625,-1.0066528,0.1984253,-0.671875,-1.640625,0.4375,639
1696292826194,-0.15014648,-1.0056763,0.105407715,-1.484375,-3.4375,-1.078125,640
1696292826234,-0.11401367,-0.9561157,0.13226318,-0.625,0.953125,-2.3125,641
1696292826274,-0.15893555,-0.96588135,0.14178467,-4.109375,-1.34375,-0.28125,642
1696292826314,-0.19042969,-0.99542236,0.14471436,-3.578125,-4.03125,-0.140625,643
1696292826354,-0.17944336,-0.9678345,0.17156982,-3.359375,0.453125,-2.25,644
1696292826394,-0.15893555,-0.98565674,0.16107178,-4.890625,-1.296875,-3.046875,645
1696292826434,-0.16674805,-0.9692993,0.17254639,-5.796875,-3.59375,-0.734375,646
1696292826474,-0.18041992,-0.96832275,0.19158936,-3.265625,-1.21875,-0.515625,647
1696292826514,-0.24609375,-0.98809814,0.2567749,4.796875,0.640625,1.484375,648
1696292826554,-0.19995117,-0.9939575,0.19134521,-0.5625,-0.671875,0.40625,649
1696292826594,-0.15429688,-0.9668579,0.21356201,-0.625,-1.546875,-0.046875,650
1696292826634,-0.19433594,-0.96881104,0.17962646,-1.234375,-2.90625,1.6875,651
1696292826674,-0.19726562,-1.0078735,0.15667725,2.375,-3.609375,0.75,652
1696292826714,-0.122558594,-0.97003174,0.13153076,7.703125,-2.53125,-0.15625,653
1696292826754,-0.09326172,-0.96954346,0.01751709,8.03125,0.359375,4.34375,654
1696292826794,-0.068603516,-0.99664307,-0.06793213,3.5,6.5,3.625,655
1696292826834,-0.043701172,-0.8381958,0.2789917,-8.1875,6.046875,5.328125,656
1696292826874,-0.3647461,-1.0857544,0.3361206,-9.578125,6.5,9.0625,657
1696292826914,-0.32495117,-1.0772095,0.37200928,5.328125,-9.28125,3.171875,658
1696292826954,0.009277344,-0.93707275,0.11810303,2.171875,-10.046875,-3.546875,659
1696292826994,-0.10644531,-0.9155884,-0.023498535,-14.140625,-8.734375,-1.25,660
1696292827034,-0.13134766,-1.0230103,0.17108154,-2.15625,-2.859375,-0.390625,661
1696292827074,-0.16748047,-1.0059204,0.19500732,-1.34375,0.359375,3.078125,662
1696292827114,-0.19018555,-1.0547485,0.14837646,-2.65625,-4.640625,1.96875,663
1696292827154,-0.053710938,-0.9180298,0.17254639,4.46875,0.109375,1.21875,664
1696292827194,-0.16357422,-0.9546509,0.062438965,-10.8125,-3.390625,1.5625,665
1696292827234,-0.14648438,-1.0032349,0.26507568,0.640625,4.0625,1.0,666
1696292827274,-0.2055664,-1.022522,0.19158936,2.359375,-2.984375,3.203125,667
1696292827314,-0.09667969,-0.9841919,0.124694824,-4.03125,-3.34375,0.03125,668
1696292827354,-0.10644531,-0.93585205,0.12542725,-0.078125,1.234375,-0.578125,669
1696292827394,-0.10473633,-0.9397583,0.1876831,2.84375,0.5625,1.828125,670
1696292827434,-0.1772461,-0.9849243,0.1593628,6.609375,3.59375,5.796875,671
1696292827474,-0.1418457,-1.0073853,0.23602295,13.734375,3.15625,6.984375,672
1696292827514,-0.19091797,-1.0071411,0.23577881,1.5,-1.5,3.453125,673
1696292827554,-0.19482422,-1.0027466,0.15203857,0.703125,1.3125,3.546875,674
1696292827594,-0.07373047,-0.9846802,0.12322998,13.46875,2.421875,5.984375,675
1696292827634,-0.11987305,-0.991272,0.14715576,8.265625,2.25,5.53125,676
1696292827674,-0.12231445,-1.0325317,0.16326904,16.53125,9.875,9.25,677
1696292827714,-0.103027344,-1.0396118,0.08734131,8.5625,4.890625,8.796875,678
1696292827754,-0.060302734,-0.9170532,0.036071777,3.921875,-4.8125,6.703125,679
1696292827794,-0.032226562,-0.97979736,0.011413574,3.03125,-1.25,3.796875,680
1696292827834,-0.03100586,-0.96539307,0.028015137,7.140625,-4.71875,0.640625,681
1696292827874,0.05419922,-1.0667114,-0.175354,5.5625,-3.375,3.828125,682
1696292827914,0.12036133,-0.9768677,-0.120910645,12.765625,16.8125,-2.09375,683
1696292827954,0.017089844,-0.8213501,0.08343506,-26.65625,7.921875,-5.40625,684
1696292827994,-0.26367188,-1.0681763,0.2736206,-4.9375,6.890625,-3.90625,685
1696292828034,-0.04638672,-1.0379028,0.16253662,-8.375,-9.046875,-6.125,686
1696292828074,-0.052978516,-0.9915161,0.032165527,-7.578125,-7.5625,-7.78125,687
1696292828114,-0.09375,-1.0418091,0.047302246,-11.09375,-7.59375,-4.5,688
1696292828154,-0.11352539,-0.94000244,0.15179443,-5.359375,-3.546875,-7.328125,689
1696292828194,-0.13867188,-0.9673462,0.13201904,-2.828125,-1.078125,-0.53125,690
1696292828234,-0.078125,-1.0200806,0.11468506,1.78125,-1.828125,-1.21875,691
1696292828274,-0.07788086,-1.0159302,0.085876465,-0.953125,-3.859375,-3.328125,692
1696292828314,-0.12719727,-0.97125244,0.046081543,-12.15625,-9.3125,-4.28125,693
1696292828354,-0.114746094,-0.97369385,0.19403076,-1.34375,0.0,-3.296875,694
1696292828394,-0.21679688,-0.9495239,0.07171631,-2.359375,1.1875,2.59375,695
1696292828434,-0.051513672,-1.0254517,0.14520264,-5.515625,0.90625,-1.921875,696
1696292828474,-0.15649414,-1.0264282,0.16278076,-1.4375,0.421875,-3.1875,697
1696292828514,-0.16235352,-0.9783325,0.18426514,-2.0625,-1.25,-0.546875,698
1696292828554,-0.111083984,-0.9673462,0.18499756,1.265625,0.25,0.859375,699
1696292828594,-0.14453125,-0.97369385,0.15716553,-2.6875,-5.71875,2.96875,700
1696292828634,-0.1105957,-1.024231,0.15496826,-1.4375,-5.0625,3.75,701
1696292828674,-0.16040039,-1.0005493,0.12371826,-1.3125,-4.40625,3.03125,702
1696292828714,-0.11254883,-0.97247314,0.1161499,1.640625,-5.328125,2.09375,703
1696292828754,-0.0871582,-0.9495239,0.11004639,2.3125,1.453125,1.25,704
1696292828794,-0.08544922,-1.0264282,0.09173584,-2.546875,-3.96875,0.71875,705
1696292828834,-0.07446289,-0.99420166,0.10076904,0.4375,2.296875,-0.65625,706
1696292828874,-0.12475586,-0.96759033,0.15179443,0.5625,3.28125,0.46875,707
1696292828914,-0.13476562,-0.99346924,0.13031006,0.90625,4.046875,0.53125,708
1696292828954,-0.11425781,-1.0252075,0.19500732,0.515625,0.90625,0.0625,709
1696292828994,-0.12841797,-0.99346924,0.17401123,-0.6875,1.140625,-2.375,710
1696292829034,-0.114746094,-1.0176392,0.22064209,6.375,3.46875,0.0,711
1696292829074,-0.1352539,-0.97198486,0.16473389,11.328125,5.421875,6.0625,712
1696292829114,-0.15771484,-0.98150635,0.11639404,1.75,4.46875,3.8125,713
1696292829154,-0.025634766,-0.9793091,0.05316162,2.015625,-4.9375,-0.453125,714
1696292829194,-0.08911133,-1.0254517,0.05999756,5.9375,-4.9375,0.171875,715
1696292829234,-0.122558594,-1.0012817,0.051208496,7.796875,-4.78125,0.484375,716
1696292829274,-0.053222656,-1.0105591,0.03753662,12.265625,10.171875,-1.25,717
1696292829314,-0.12988281,-0.9859009,0.07611084,7.640625,5.09375,3.140625,718
1696292829354,-0.10229492,-0.9805298,0.0289917,-3.46875,4.0,-4.515625,719
1696292829394,-0.07324219,-1.0151978,0.07098389,-7.609375,-0.71875,-5.328125,720
1696292829434,-0.12915039,-0.9939575,0.062438965,-6.015625,0.78125,-6.5,721
1696292829474,-0.076660156,-1.0232544,0.05706787,-6.40625,-0.875,-5.46875,722
1696292829514,-0.061279297,-0.9714966,0.06463623,-6.234375,-2.578125,-7.546875,723
1696292829554,-0.11376953,-0.9627075,0.12884521,-4.40625,-2.765625,-5.859375,724
1696292829594,-0.12109375,-0.98931885,0.019470215,-10.890625,-10.390625,-6.34375,725
1696292829634,-0.08496094,-0.9783325,0.0033569336,-6.578125,-1.421875,-5.34375,726
1696292829674,-0.09716797,-0.9356079,0.046569824,-3.3125,1.125,-3.25,727
1696292829714,-0.19897461,-0.88409424,0.11541748,-18.90625,-10.359375,-2.546875,728
1696292829754,-0.20288086,-0.9380493,0.2904663,-16.359375,7.171875,-10.75,729
1696292829794,-0.34301758,-0.9993286,0.25750732,-5.34375,-1.46875,3.1875,730
1696292829834,-0.24291992,-1.0447388,0.18817139,-7.3125,-4.0625,-5.984375,731
1696292829874,-0.1616211,-1.0471802,0.16326904,-10.203125,-2.0,-3.984375,732
1696292829914,-0.2475586,-0.88067627,0.2218628,-5.34375,-1.703125,-5.78125,733
1696292829954,-0.21435547,-0.9529419,0.22601318,-6.140625,0.515625,-0.65625,734
1696292829994,-0.2121582,-0.9331665,0.20355225,-7.21875,-1.125,-2.984375,735
1696292830034,-0.16064453,-1.0083618,0.22528076,-4.71875,-0.625,-2.078125,736
1696292830074,-0.22509766,-0.98150635,0.20843506,-5.125,-2.265625,-1.4375,737
1696292830114,-0.21362305,-0.95684814,0.24871826,-2.984375,-2.5625,-0.25,738
1696292830154,-0.21533203,-0.9246216,0.24090576,0.546875,-0.484375,2.265625,739
1696292830194,-0.22875977,-0.96343994,0.20843506,-0.09375,1.765625,1.5625,740
1696292830234,-0.203125,-0.98809814,0.2609253,3.296875,2.640625,-0.90625,741
1696292830274,-0.23339844,-0.9517212,0.24871826,2.484375,4.875,0.890625,742
1696292830314,-0.22924805,-0.93414307,0.24481201,-0.46875,2.9375,1.9375,743
1696292830354,-0.234375,-0.98443604,0.2645874,0.09375,-3.859375,5.953125,744
1696292830394,-0.22070312,-1.0198364,0.21478271,7.078125,-1.875,4.203125,745
1696292830434,-0.16088867,-0.96710205,0.17034912,8.203125,-3.828125,1.234375,746
1696292830474,-0.078125,-0.98443604,0.03338623,3.578125,-4.109375,3.0625,747
1696292830514,-0.08862305,-0.9932251,0.082458496,2.125,-0.390625,-3.046875,748
1696292830554,-0.1977539,-0.848938,0.230896,3.546875,2.140625,2.6875,749
1696292830594,-0.23120117,-1.0215454,0.20037842,-0.4375,3.328125,5.234375,750
1696292830634,-0.18652344,-1.0886841,0.29266357,6.453125,-3.109375,1.890625,751
1696292830674,-0.20410156,-0.92852783,0.14398193,4.5625,-5.078125,6.234375,752
1696292830714,-0.23095703,-0.960022,0.14007568,2.875,-2.421875,1.84375,753
1696292830754,-0.123046875,-0.93756104,0.13616943,-2.796875,-3.03125,0.046875,754
1696292830794,-0.1875,-0.96051025,0.21600342,-2.625,1.703125,2.765625,755
1696292830834,-0.2109375,-1.0413208,0.1762085,4.53125,-1.109375,6.4375,756
1696292830874,-0.091308594,-0.9924927,0.13787842,5.46875,0.5625,3.15625,757
1696292830914,-0.1459961,-0.97540283,0.11566162,3.109375,2.578125,3.953125,758
1696292830954,-0.14624023,-0.9944458,0.14105225,3.0625,1.59375,4.109375,759
1696292830994,-0.12841797,-0.9920044,0.15008545,4.453125,0.984375,2.671875,760
1696292831034,-0.119140625,-0.97613525,0.14447021,5.84375,0.921875,2.8125,761
1696292831074,-0.12597656,-0.98272705,0.09075928,-0.84375,-0.4375,2.3125,762
1696292831114,-0.12475586,-1.0088501,0.11590576,-0.078125,0.21875,1.46875,763
1696292831154,-0.15478516,-0.9729614,0.15106201,5.03125,-0.5625,4.09375,764
1696292831194,-0.15014648,-1.0081177,0.15618896,4.390625,-0.796875,5.953125,765
1696292831234,-0.13647461,-1.0005493,0.07684326,1.4375,1.359375,3.515625,766
1696292831274,-0.09326172,-1.0232544,0.09588623,2.796875,2.546875,4.03125,767
1696292831314,-0.071777344,-0.9849243,0.06976318,-2.0,-0.625,-0.21875,768
1696292831354,-0.06640625,-0.95196533,0.10858154,-1.6875,-0.609375,-1.734375,769
1696292831394,-0.09741211,-0.9883423,0.09954834,0.890625,-1.484375,1.4375,770
1696292831434,-0.07836914,-1.0154419,0.10028076,0.125,-3.609375,3.640625,771
1696292831474,-0.110839844,-1.0335083,0.117370605,-0.765625,-5.546875,2.515625,772
1696292831514,-0.110839844,-0.98760986,0.12689209,-4.8125,-11.09375,0.921875,773
1696292831554,-0.09472656,-0.975647,0.098083496,-3.765625,-7.71875,-2.40625,774
1696292831594,-0.11206055,-1.0098267,0.070007324,-1.578125,-0.171875,-2.8125,775
1696292831634,-0.09643555,-0.986145,0.11834717,4.375,-4.5625,-3.96875,776
1696292831674,-0.13452148,-0.98760986,0.08050537,-1.109375,-4.8125,-1.640625,777
1696292831714,-0.0625,-1.0090942,0.042663574,4.453125,-2.046875,0.6875,778
1696292831754,-0.06298828,-0.989563,-0.030578613,7.1875,-1.546875,1.703125,779
1696292831794,0.091796875,-0.9927368,-0.035949707,4.03125,11.40625,-2.125,780
1696292831834,-0.100097656,-0.7971802,0.2555542,-5.875,6.46875,6.359375,781
1696292831874,-0.28442383,-1.0667114,0.22503662,-9.296875,5.21875,-2.171875,782
1696292831914,-0.088134766,-1.1216431,0.1437378,-14.875,-5.671875,-3.203125,783
1696292831954,-0.080322266,-0.9578247,0.1293335,-6.21875,-6.3125,-7.765625,784
1696292831994,-0.1743164,-0.96343994,0.14251709,-7.375,-3.484375,-3.046875,785
1696292832034,-0.15161133,-0.94415283,0.15447998,-6.4375,-1.515625,-5.34375,786
1696292832074,-0.13916016,-0.9734497,0.17596436,-6.375,-0.6875,-1.328125,787
1696292832114,-0.15966797,-1.0269165,0.15740967,-3.71875,-4.34375,-2.53125,788
1696292832154,-0.13256836,-0.98760986,0.1552124,-4.9375,-1.8125,-4.1875,789
1696292832194,-0.1472168,-0.95928955,0.16668701,-3.0,0.171875,-3.859375,790
1696292832234,-0.13793945,-0.98101807,0.16131592,-3.90625,-0.734375,-1.171875,791
1696292832274,-0.1328125,-1.0061646,0.16107178,-2.78125,-0.203125,0.15625,792
1696292832314,-0.1640625,-0.98931885,0.13397217,-6.109375,2.421875,-0.109375,793
1696292832354,-0.13061523,-0.9651489,0.21844482,-7.828125,4.546875,-5.046875,794
1696292832394,-0.15991211,-0.9890747,0.24822998,-2.546875,0.484375,-0.546875,795
1696292832434,-0.16821289,-0.97369385,0.16326904,-8.0625,-1.6875,-3.875,796
1696292832474,-0.1459961,-0.96588135,0.24017334,-0.125,4.359375,-6.0625,797
1696292832514,-0.19091797,-0.9326782,0.2164917,-5.453125,-0.109375,-3.53125,798
1696292832554,-0.20410156,-0.9849243,0.22723389,-1.859375,2.703125,-2.546875,799
1696292832594,-0.17626953,-0.99884033,0.14520264,-5.390625,4.390625,-2.5625,800
1696292832634,-0.18066406,-0.97784424,0.20379639,-2.09375,3.03125,-4.8125,801
1696292832674,-0.1640625,-0.93756104,0.2772827,-3.625,7.234375,-5.375,802
1696292832714,-0.19555664,-0.958313,0.2662964,-6.484375,1.875,-5.78125,803
1696292832754,-0.1652832,-0.94122314,0.22821045,-4.890625,-0.953125,-6.40625,804
1696292832794,-0.17675781,-0.9915161,0.18426514,-6.515625,-4.015625,-4.3125,805
1696292832834,-0.19848633,-0.89971924,0.3102417,-2.046875,-2.390625,-5.234375,806
1696292832874,-0.26293945,-0.9216919,0.28851318,-5.0625,-1.9375,-0.96875,807
1696292832914,-0.23779297,-0.96832275,0.3012085,-1.5,-2.171875,-1.8125,808
1696292832954,-0.2631836,-0.94073486,0.31463623,-0.140625,-3.671875,-1.390625,809
1696292832994,-0.28149414,-0.95391846,0.32684326,-0.671875,-3.0,-2.015625,810
1696292833034,-0.22314453,-0.9595337,0.3078003,-0.0625,-1.59375,-1.484375,811
1696292833074,-0.2668457,-0.9402466,0.3048706,2.9375,-5.34375,-0.53125,812
1696292833114,-0.23901367,-0.95513916,0.2555542,6.578125,-3.359375,4.34375,813
1696292833154,-0.24072266,-0.9512329,0.23236084,9.40625,2.5,5.09375,814
1696292833194,-0.24853516,-0.942688,0.22161865,5.6875,-3.53125,4.9375,815
1696292833234,-0.19506836,-0.954895,0.1774292,4.4375,-0.484375,3.640625,816
1696292833274,-0.17626953,-1.0154419,0.15838623,5.671875,4.921875,1.546875,817
1696292833314,-0.09008789,-0.89508057,0.15985107,-35.609375,-23.9375,-8.109375,818
1696292833354,-0.24560547,-0.8740845,0.36102295,-15.734375,-10.8125,-6.453125,819
1696292833394,-0.36865234,-0.9470825,0.33294678,-10.625,3.921875,-0.140625,820
1696292833434,-0.20458984,-1.0789185,0.26800537,2.34375,-4.953125,-2.0,821
1696292833474,-0.2019043,-0.95684814,0.2597046,9.46875,-1.390625,9.140625,822
1696292833514,-0.3425293,-0.83795166,0.28729248,3.171875,4.84375,6.296875,823
1696292833554,-0.26464844,-0.9663696,0.31976318,4.296875,3.765625,8.109375,824
1696292833594,-0.19140625,-0.9915161,0.20648193,1.296875,-2.859375,6.421875,825
1696292833634,-0.1928711,-0.92266846,0.25726318,4.96875,2.03125,3.953125,826
1696292833674,-0.21362305,-0.972229,0.19891357,-1.65625,-1.65625,5.078125,827
1696292833714,-0.11303711,-0.9898071,0.27801514,6.515625,-0.796875,5.359375,828
1696292833754,-0.16333008,-0.91900635,0.21185303,5.140625,-2.0625,7.4375,829
1696292833794,-0.19995117,-0.9902954,0.24383545,-0.515625,-5.75,6.15625,830
1696292833834,-0.17993164,-1.0032349,0.25994873,3.75,-1.296875,4.890625,831
1696292833874,-0.16992188,-0.95025635,0.21942139,5.625,0.0,5.0625,832
1696292833914,-0.12597656,-0.96539307,0.21038818,3.609375,1.578125,3.53125,833
1696292833954,-0.119384766,-0.97198486,0.22576904,7.0625,3.546875,2.796875,834
1696292833994,-0.1459961,-1.019104,0.184021,2.140625,0.28125,5.390625,835
1696292834034,-0.17114258,-1.0352173,0.21185303,6.0625,4.46875,4.59375,836
1696292834074,-0.16992188,-0.9524536,0.21966553,7.9375,5.78125,5.5625,837
1696292834114,-0.12109375,-0.9624634,0.21868896,9.984375,2.34375,5.140625,838
1696292834154,-0.13916016,-0.9898071,0.19451904,7.375,0.96875,6.25,839
1696292834194,-0.1003418,-0.97491455,0.14300537,3.0,-2.640625,3.765625,840
1696292834234,-0.029052734,-0.9644165,0.14666748,2.75,-11.453125,0.03125,841
1696292834274,-0.030761719,-1.0855103,-0.038146973,-0.65625,-2.78125,-0.546875,842
1696292834314,0.037841797,-0.9859009,0.007019043,-1.328125,-1.25,-3.453125,843
1696292834354,-0.013427734,-0.895813,0.17425537,-12.328125,-4.390625,-2.234375,844
1696292834394,-0.26904297,-0.97906494,0.27972412,-0.890625,-1.078125,-1.484375,845
1696292834434,-0.1640625,-1.0525513,0.19818115,-5.09375,-8.25,-0.734375,846
1696292834474,-0.107421875,-0.98931885,0.1305542,-2.765625,-3.140625,-2.640625,847
1696292834514,-0.14501953,-0.91607666,0.17254639,-2.765625,-3.453125,-1.671875,848
1696292834554,-0.14111328,-1.0149536,0.1876831,1.375,-1.78125,1.125,849
1696292834594,-0.087890625,-0.9741821,0.20281982,-0.5,0.046875,-2.296875,850
1696292834634,-0.15332031,-0.99102783,0.19769287,-2.59375,0.46875,-1.671875,851
1696292834674,-0.13745117,-1.0142212,0.20452881,4.125,1.328125,1.640625,852
1696292834714,-0.12792969,-0.96466064,0.16326904,1.96875,1.171875,2.328125,853
1696292834754,-0.11254883,-0.99591064,0.15789795,2.59375,1.71875,0.78125,854
1696292834794,-0.09667969,-0.98223877,0.15570068,4.5625,2.921875,-0.046875,855
1696292834834,-0.123046875,-0.97735596,0.13909912,4.578125,1.28125,0.640625,856
1696292834874,-0.14160156,-0.99005127,0.16082764,5.078125,2.625,3.78125,857
